{
    "metadata": {
        "vertices": 95,
        "type": "Geometry",
        "colors": 3,
        "generator": "io_three",
        "faces": 63,
        "version": 3
    },
    "name": "MatrixGeometry.1",
    "colors": [14405562,65795,0],
    "vertices": [-13.0,24.332372665405273,5.000002861022949,-13.0,24.33237075805664,11.00000286102295,13.0,24.33237075805664,11.00000286102295,13.0,24.332372665405273,5.000002861022949,-11.0,22.332372665405273,-3.999997138977051,-11.0,22.332372665405273,5.000002861022949,11.0,22.332372665405273,5.000002861022949,11.0,22.332372665405273,-3.999997138977051,-6.0,3.3323731422424316,-5.999999523162842,-6.0,3.332371473312378,6.000000476837158,6.0,3.332371473312378,6.000000476837158,6.0,3.3323731422424316,-5.999999523162842,6.0,3.3323707580566406,11.0,13.0,3.3323707580566406,11.0,13.0,3.3323731422424316,-5.999999523162842,-13.0,2.3323729038238525,-5.999999523162842,-13.0,2.332371711730957,3.000000476837158,-8.0,2.332371711730957,3.000000476837158,-8.0,2.3323729038238525,-5.999999523162842,-13.0,3.332371711730957,3.000000476837158,-13.0,3.3323707580566406,11.0,-8.0,3.3323707580566406,11.0,-8.0,3.332371711730957,3.000000476837158,-8.0,3.3323731422424316,-5.999999523162842,-6.0,3.3323707580566406,11.0,-11.0,7.332371234893799,10.000000953674316,-11.0,7.332370758056641,11.000000953674316,11.0,7.332370758056641,11.000000953674316,11.0,7.332371234893799,10.000000953674316,-8.0,19.332372665405273,-5.999997615814209,-8.0,19.332372665405273,-3.999997615814209,8.0,19.332372665405273,-3.999997615814209,8.0,19.332372665405273,-5.999997615814209,-6.0,3.332371234893799,9.0,6.0,3.332371234893799,9.0,-13.0,-0.6676291227340698,11.0,-13.0,-0.6676270961761475,-6.0,13.0,-0.6676270961761475,-6.0,13.0,-0.6676291227340698,11.0,-11.0,7.332371711730957,5.000000953674316,-11.0,7.332372188568115,-3.9999990463256836,-4.0,7.332372188568115,-3.9999990463256836,-4.0,7.332371711730957,5.000000953674316,4.0,7.332371711730957,5.000000953674316,4.0,7.332372188568115,-3.9999990463256836,11.0,7.332372188568115,-3.9999990463256836,11.0,7.332371711730957,5.000000953674316,-13.0,5.332370758056641,11.000000953674316,-13.0,5.332371234893799,9.000000953674316,13.0,5.332371234893799,9.000000953674316,13.0,5.332370758056641,11.000000953674316,-4.0,7.332372188568115,2.0000009536743164,4.0,7.332372188568115,2.0000009536743164,-13.0,5.332371711730957,5.000000953674316,-6.0,5.332371711730957,5.000000953674316,-6.0,5.332371234893799,9.000000953674316,-11.0,22.33237075805664,11.00000286102295,-11.0,22.33237075805664,10.00000286102295,11.0,22.33237075805664,10.00000286102295,11.0,22.33237075805664,11.00000286102295,-8.0,10.332372665405273,-3.9999985694885254,-8.0,10.332372665405273,-5.999998569488525,8.0,10.332372665405273,-5.999998569488525,8.0,10.332372665405273,-3.9999985694885254,-4.0,5.332371234893799,6.000000953674316,-4.0,5.332372188568115,2.0000007152557373,4.0,5.332372188568115,2.0000007152557373,4.0,5.332371234893799,6.000000953674316,6.0,5.332371234893799,9.000000953674316,6.0,5.332371711730957,5.000000953674316,13.0,5.332371711730957,5.000000953674316,-6.0,5.332371234893799,6.000000953674316,-4.0,5.332371711730957,5.000000953674316,4.0,5.332371711730957,5.000000953674316,6.0,5.332371234893799,6.000000953674316,-13.0,-0.6676290035247803,10.0,-13.0,2.3323709964752197,10.0,-13.0,3.3323709964752197,10.0,13.0,2.3323729038238525,-5.999999523162842,11.0,19.332372665405273,-3.999997615814209,-11.0,19.332372665405273,-3.999997615814209,-11.0,24.332372665405273,5.000002861022949,-11.0,5.332371711730957,5.000000953674316,-8.0,7.332372188568115,-3.9999990463256836,11.0,24.332372665405273,5.000002861022949,8.0,7.332372188568115,-3.9999990463256836,13.0,23.332372665405273,5.000002861022949,12.0,5.332371711730957,5.000000953674316,12.0,23.332372665405273,5.000002861022949,12.0,7.332371711730957,5.000000953674316,11.0,23.332372665405273,5.000002861022949,-11.0,5.332370758056641,11.000000953674316,-11.0,24.33237075805664,11.00000286102295,11.0,5.332370758056641,11.000000953674316,11.0,24.33237075805664,11.00000286102295],
    "faces": [129,0,1,2,3,0,0,0,0,129,4,5,6,7,0,0,0,0,129,8,9,10,11,0,0,0,0,129,11,12,13,14,0,0,0,0,129,15,16,17,18,0,0,0,0,129,19,20,21,22,0,0,0,0,129,23,21,24,8,0,0,0,0,129,25,26,27,28,0,0,0,0,129,29,30,31,32,0,0,0,0,129,33,24,12,34,0,0,0,0,129,35,36,37,38,0,0,0,0,129,39,40,41,42,0,0,0,0,129,43,44,45,46,0,0,0,0,129,47,48,49,50,0,0,0,0,129,51,41,44,52,0,0,0,0,129,48,53,54,55,0,0,0,0,129,56,57,58,59,0,0,0,0,129,60,61,62,63,0,0,0,0,129,64,65,66,67,0,0,0,0,129,68,69,70,49,0,0,0,0,129,71,54,72,64,0,0,0,0,129,67,73,69,74,0,0,0,0,129,0,53,47,1,0,0,0,0,129,4,40,39,5,0,0,0,0,129,15,36,75,76,0,0,0,0,129,29,61,60,30,0,0,0,0,129,23,18,17,22,0,0,0,0,129,58,28,27,59,0,0,0,0,129,19,16,76,77,0,0,0,0,129,71,9,33,55,0,0,0,0,129,51,65,72,42,0,0,0,0,129,77,75,35,20,0,0,0,0,129,6,46,45,7,0,0,0,0,129,2,50,70,3,0,0,0,0,129,13,38,37,14,0,0,0,0,129,31,63,62,32,0,0,0,0,129,56,26,25,57,0,0,0,0,129,43,73,66,52,0,0,0,0,129,68,34,10,74,0,0,0,0,129,78,37,36,15,0,0,0,0,129,32,62,61,29,0,0,0,0,129,7,79,80,4,0,0,0,0,129,53,0,81,82,0,0,0,0,129,30,83,40,80,0,0,0,0,129,84,6,5,81,0,0,0,0,129,63,85,83,60,0,0,0,0,129,79,45,85,31,0,0,0,0,129,14,78,18,23,0,0,0,0,129,74,10,9,71,0,0,0,0,129,86,70,87,88,0,0,0,0,129,42,72,82,39,0,0,0,0,129,52,66,65,51,0,0,0,0,129,89,87,73,43,0,0,0,0,129,88,89,46,90,0,0,0,0,129,22,17,16,19,0,0,0,0,129,3,86,90,84,0,0,0,0,129,57,25,28,58,1,2,2,2,129,20,35,38,13,0,0,0,0,129,1,47,91,92,0,0,0,0,129,26,91,93,27,0,0,0,0,129,92,56,59,94,0,0,0,0,129,94,93,50,2,0,0,0,0,129,55,33,34,68,0,0,0,0]
}